Zone;Box;pt0;pt1;pt2;pt3;pt4;pt5;pt6;pt7
Reservoir;Box_0 [m];0:0.67:0;0:0:0;0.41:0:0;0.41:0.67:0;0:0.67:0.4;0:0:0.4;0.41:0:0.4;0.41:0.67:0.4
Tank;Box_1 [m];0.5:0.67:0;0.5:0:0;0.9:0:0;0.9:0.67:0;0.5:0.67:0.4;0.5:0:0.4;0.9:0:0.4;0.9:0.67:0.4
World;Box_2 [m];Unknown...

Time [s];Nok_Reservoir;Nok_Tank;Nok_World;Nout_Reservoir;Nout_Tank;Nout_World;Input_Reservoir;Input_Tank;Input_World;Output_Reservoir;Output_Tank;Output_World;InVel_Reservoir [m/s];InVel_Tank [m/s];InVel_World [m/s];InVolume_Reservoir [m^3];InVolume_Tank [m^3];InVolume_World [m^3];InFlow_Reservoir [m^3/s];InFlow_Tank [m^3/s];InFlow_World [m^3/s];OutVolume_Reservoir [m^3];OutVolume_Tank [m^3];OutVolume_World [m^3];OutFlow_Reservoir [m^3/s];OutFlow_Tank [m^3/s];OutFlow_World [m^3/s]
0;128310;0;0;0;0;0;0;0;0;0;0;0;0;0;0;0;0;0;0;0;0;0;0;0;0;0;0
0.0100862;128310;0;0;0;0;0;0;0;0;0;0;0;0;0;0;0;0;0;0;0;0;0;0;0;0;0;0
0.0200455;128310;0;0;0;0;0;0;0;0;0;0;0;0;0;0;0;0;0;0;0;0;0;0;0;0;0;0
0.0300511;128158;0;152;0;0;0;0;0;152;152;0;0;0;0;0.631463;0;0;9.3347e-05;0;0;0.0093295;9.3347e-05;0;0;0.0093295;0;0
0.0400619;127620;0;690;0;0;0;0;0;538;538;0;0;0;0;0.708966;0;0;0.000330399;0;0;0.0330043;0.000330399;0;0;0.0330043;0;0
0.0500495;126898;0;1412;0;0;0;0;0;722;722;0;0;0;0;0.712203;0;0;0.000443398;0;0;0.0443945;0.000443398;0;0;0.0443945;0;0
0.0600787;125940;0;2370;0;0;0;0;0;958;958;0;0;0;0;0.79946;0;0;0.000588332;0;0;0.058662;0.000588332;0;0;0.058662;0;0
0.0700816;124610;0;3700;0;0;0;0;0;1330;1330;0;0;0;0;0.886629;0;0;0.000816786;0;0;0.0816552;0.000816786;0;0;0.0816552;0;0
0.0800498;123150;0;5160;0;0;0;0;0;1460;1460;0;0;0;0;0.932864;0;0;0.000896623;0;0;0.0899486;0.000896623;0;0;0.0899486;0;0
0.0900166;121762;0;6548;0;0;0;0;0;1388;1388;0;0;0;0;0.964158;0;0;0.000852406;0;0;0.0855241;0.000852406;0;0;0.0855241;0;0
0.100012;120202;0;8108;0;0;0;0;0;1560;1560;0;0;0;0;1.02259;0;0;0.000958035;0;0;0.0958471;0.000958035;0;0;0.0958471;0;0
0.110072;118420;320;9570;0;0;0;0;320;1782;1782;0;320;0;1.69004;1.08388;0;0.00019652;0.00109437;0;0.0195354;0.108788;0.00109437;0;0.00019652;0.108788;0;0.0195354
0.120041;116598;866;10846;0;0;0;0;546;1822;1822;0;546;0;1.68972;1.10329;0;0.000335312;0.00111894;0;0.0336358;0.112243;0.00111894;0;0.000335312;0.112243;0;0.0336358
0.130008;114926;1822;11562;0;0;0;0;956;1672;1672;0;956;0;1.74428;1.13435;0;0.000587104;0.00102682;0;0.0589007;0.103015;0.00102682;0;0.000587104;0.103015;0;0.0589007
0.140083;113114;2894;12302;0;0;0;0;1072;1812;1812;0;1072;0;1.78281;1.14473;0;0.000658342;0.00111279;0;0.0653479;0.110457;0.00111279;0;0.000658342;0.110457;0;0.0653479
0.15005;111282;4186;12842;0;0;0;0;1292;1832;1832;0;1292;0;1.76569;1.12733;0;0.00079345;0.00112508;0;0.0796064;0.112878;0.00112508;0;0.00079345;0.112878;0;0.0796064
0.160033;109564;5700;13046;0;0;0;0;1514;1718;1718;0;1514;0;1.74227;1.11691;0;0.000929785;0.00105507;0;0.0931342;0.105683;0.00105507;0;0.000929785;0.105683;0;0.0931342
0.170073;108056;7378;12876;0;0;0;0;1678;1508;1508;0;1678;0;1.72713;1.10264;0;0.0010305;0.000926101;0;0.102638;0.0922399;0.000926101;0;0.0010305;0.0922399;0;0.102638
0.180026;106310;9042;12958;0;0;0;0;1664;1746;1746;0;1664;0;1.70534;1.0833;0;0.0010219;0.00107226;0;0.102676;0.107736;0.00107226;0;0.0010219;0.107736;0;0.102676
0.190051;104845;10662;12803;0;0;0;0;1620;1465;1465;0;1620;0;1.67254;1.04711;0;0.000994883;0.000899693;0;0.0992436;0.0897481;0.000899693;0;0.000994883;0.0897481;0;0.0992436
0.20005;103342;12352;12616;0;0;0;0;1690;1503;1503;0;1690;0;1.62671;1.01578;0;0.00103787;0.00092303;0;0.10379;0.0923053;0.00092303;0;0.00103787;0.0923053;0;0.10379
0.210003;101916;14016;12378;0;0;0;0;1664;1426;1426;0;1664;0;1.57997;1.02209;0;0.0010219;0.000875742;0;0.102679;0.0879927;0.000875742;0;0.0010219;0.0879927;0;0.102679
0.220038;100576;15701;12033;0;0;0;0;1685;1340;1340;0;1685;0;1.52797;0.983521;0;0.0010348;0.000822928;0;0.103116;0.0820031;0.000822928;0;0.0010348;0.0820031;0;0.103116
0.230068;98996;17104;12210;0;0;0;0;1403;1580;1580;0;1403;0;1.4977;0.972997;0;0.000861617;0.000970318;0;0.0859055;0.0967432;0.000970318;0;0.000861617;0.0967432;0;0.0859055
0.240049;97678;18648;11984;0;0;0;0;1544;1318;1318;0;1544;0;1.44909;0.944896;0;0.000948209;0.000809417;0;0.094999;0.0810937;0.000809417;0;0.000948209;0.0810937;0;0.094999
0.250017;96295;20098;11917;0;0;0;0;1450;1383;1383;0;1450;0;1.39392;0.957559;0;0.000890481;0.000849335;0;0.0893328;0.0852051;0.000849335;0;0.000890481;0.0852051;0;0.0893328
0.260082;94936;21533;11841;0;0;0;0;1435;1359;1359;0;1435;0;1.37336;0.938816;0;0.000881269;0.000834596;0;0.0875631;0.0829256;0.000834596;0;0.000881269;0.0829256;0;0.0875631
0.27003;93656;22866;11788;0;0;0;0;1333;1280;1280;0;1333;0;1.34653;0.930322;0;0.000818629;0.00078608;0;0.0822864;0.0790147;0.00078608;0;0.000818629;0.0790147;0;0.0822864
0.280052;92269;24324;11717;0;0;0;0;1458;1387;1387;0;1458;0;1.32476;0.933011;0;0.000895394;0.000851791;0;0.0893436;0.0849928;0.000851791;0;0.000895394;0.0849928;0;0.0893436
0.290033;90966;25527;11817;0;0;0;0;1384;1484;1303;181;1384;0;1.29494;1.14061;0;0.000849949;0.000911362;0;0.085155;0.0913078;0.000800205;0.000111157;0.000849949;0.0801712;0.0111366;0.085155
0.300011;89764;26502;12044;0;0;0;0;1304;1531;1202;329;1304;0;1.27048;1.274;0;0.000800819;0.000940225;0;0.0802641;0.0942365;0.000738178;0.000202047;0.000800819;0.0739858;0.0202507;0.0802641
0.310026;88344;27373;12593;0;0;0;0;1389;1938;1420;518;1389;0;1.26244;1.34714;0;0.00085302;0.00119017;0;0.0851697;0.118833;0.000872058;0.000318117;0.00085302;0.0870706;0.0317624;0.0851697
0.320045;87147;27931;13232;0;0;0;0;1271;1910;1197;713;1271;0;1.24826;1.46702;0;0.000780553;0.00117298;0;0.0779104;0.11708;0.000735108;0.000437871;0.000780553;0.0733743;0.0437058;0.0779104
0.330016;85890;28394;14026;0;0;0;0;1269;2063;1257;806;1269;0;1.22654;1.46473;0;0.000779325;0.00126694;0;0.0781594;0.127063;0.000771955;0.000494985;0.000779325;0.0774203;0.0496426;0.0781594
0.340059;84557;28838;14915;0;0;0;0;1313;2202;1333;869;1313;0;1.22013;1.44123;0;0.000806346;0.0013523;0;0.0802859;0.134646;0.000818629;0.000533675;0.000806346;0.0815088;0.0531367;0.0802859
0.350022;83450;29294;15566;0;0;0;0;1262;1913;1107;806;1262;0;1.19779;1.44555;0;0.000775026;0.00117482;0;0.0777888;0.117916;0.000679836;0.000494985;0.000775026;0.0682347;0.0496813;0.0777888
0.36002;82102;29619;16589;0;0;0;0;1220;2243;1348;895;1220;0;1.19656;1.40043;0;0.000749233;0.00137748;0;0.074944;0.137786;0.000827841;0.000549642;0.000749233;0.082807;0.0549794;0.074944
0.370057;80880;30134;17296;0;0;0;0;1383;2090;1222;868;1383;0;1.18281;1.40094;0;0.000849335;0.00128352;0;0.0846144;0.12787;0.000750461;0.000533061;0.000849335;0.0747641;0.0531058;0.0846144
0.380025;79712;30551;18047;0;0;0;0;1268;2019;1168;851;1268;0;1.16519;1.36984;0;0.000778711;0.00123992;0;0.0781233;0.124393;0.000717298;0.00052262;0.000778711;0.0719621;0.0524313;0.0781233
0.390067;78451;30827;19032;0;0;0;0;1169;2154;1261;893;1169;0;1.15357;1.35209;0;0.000717912;0.00132283;0;0.0714955;0.131738;0.000774412;0.000548414;0.000717912;0.0771222;0.0546155;0.0714955
0.400051;77325;31199;19786;0;0;0;0;1235;1989;1126;863;1235;0;1.14906;1.34165;0;0.000758444;0.00122149;0;0.0759618;0.122338;0.000691505;0.00052999;0.000758444;0.0692575;0.053081;0.0759618
0.410077;76081;31664;20565;0;0;0;0;1328;2107;1244;863;1328;0;1.14298;1.29487;0;0.000815558;0.00129396;0;0.0813461;0.129063;0.000763972;0.00052999;0.000815558;0.0762007;0.0528627;0.0813461
0.420008;74959;31974;21377;0;0;0;0;1133;1945;1122;823;1133;0;1.12533;1.29504;0;0.000695804;0.00119447;0;0.070065;0.120279;0.000689048;0.000505425;0.000695804;0.0693848;0.0508945;0.070065
0.430011;73830;32371;22109;0;0;0;0;1247;1979;1129;850;1247;0;1.11487;1.28752;0;0.000765814;0.00121535;0;0.0765569;0.121496;0.000693347;0.000522006;0.000765814;0.0693125;0.0521839;0.0765569
0.440023;72724;32690;22896;0;0;0;0;1161;1948;1106;842;1161;0;1.10852;1.26925;0;0.000712999;0.00119632;0;0.0712112;0.119483;0.000679222;0.000517093;0.000712999;0.0678377;0.051645;0.0712112
0.450078;71612;32999;23699;0;0;0;0;1170;1973;1112;861;1170;0;1.09232;1.25286;0;0.000718526;0.00121167;0;0.0714622;0.120509;0.000682907;0.000528762;0.000718526;0.0679196;0.0525889;0.0714622
0.460055;70440;33359;24511;0;0;0;0;1209;2021;1172;849;1209;0;1.08613;1.22085;0;0.000742477;0.00124115;0;0.0744189;0.124401;0.000719755;0.000521392;0.000742477;0.0721414;0.0522594;0.0744189
0.470079;69430;33657;25223;0;0;0;0;1145;1857;1010;847;1145;0;1.07154;1.23535;0;0.000703173;0.00114043;0;0.0701478;0.113768;0.000620266;0.000520164;0.000703173;0.0618771;0.051891;0.0701478
0.480019;68371;33907;26032;0;0;0;0;1101;1910;1059;851;1101;0;1.06106;1.21571;0;0.000676152;0.00117298;0;0.0680227;0.118005;0.000650358;0.00052262;0.000676152;0.0654279;0.0525771;0.0680227
0.490026;67296;34127;26887;0;0;0;0;1066;1921;1075;846;1066;0;1.05464;1.19416;0;0.000654657;0.00117973;0;0.0654197;0.11789;0.000660184;0.00051955;0.000654657;0.065972;0.0519184;0.0654197
0.500051;66263;34393;27654;0;0;0;0;1140;1907;1033;874;1140;0;1.04106;1.20048;0;0.000700103;0.00117114;0;0.0698367;0.116823;0.000634391;0.000536745;0.000700103;0.0632818;0.0535415;0.0698367
0.510031;65296;34614;28400;0;0;0;0;1071;1817;967;850;1071;0;1.04149;1.18498;0;0.000657728;0.00111587;0;0.065905;0.111811;0.000593859;0.000522006;0.000657728;0.0595052;0.0523055;0.065905
0.520034;64329;34844;29137;0;0;0;0;1084;1821;967;854;1084;0;1.02584;1.172;0;0.000665712;0.00111832;0;0.0665543;0.111804;0.000593859;0.000524463;0.000665712;0.0593709;0.052433;0.0665543
0.530035;63341;34997;29972;0;0;0;0;1028;1863;988;875;1028;0;1.01429;1.16715;0;0.000631321;0.00114411;0;0.0631225;0.114394;0.000606756;0.000537359;0.000631321;0.0606664;0.0537278;0.0631225
0.540025;62409;35179;30722;0;0;0;0;1049;1799;932;867;1049;0;1.00593;1.16032;0;0.000644217;0.00110481;0;0.0644842;0.110588;0.000572365;0.000532446;0.000644217;0.057292;0.0532963;0.0644842
0.550021;61466;35360;31484;0;0;0;0;1033;1795;943;852;1033;0;0.993917;1.14142;0;0.000634391;0.00110235;0;0.0634664;0.110283;0.00057912;0.000523235;0.000634391;0.0579369;0.052346;0.0634664
0.560039;60562;35498;32250;0;0;0;0;1028;1794;904;890;1028;0;0.985505;1.137;0;0.000631321;0.00110174;0;0.0630185;0.109976;0.000555169;0.000546571;0.000631321;0.055417;0.0545588;0.0630185
0.570038;59608;35630;33072;0;0;0;0;975;1797;954;843;975;0;0.971049;1.11654;0;0.000598772;0.00110358;0;0.0598809;0.110365;0.000585875;0.000517707;0.000598772;0.0585911;0.0517739;0.0598809
0.580021;58821;35723;33766;0;0;0;0;970;1664;787;877;970;0;0.96368;1.12129;0;0.000595701;0.0010219;0;0.0596774;0.102374;0.000483316;0.000538588;0.000595701;0.0484187;0.0539558;0.0596774
0.590068;57921;35770;34619;0;0;0;0;890;1743;900;843;890;0;0.955919;1.09158;0;0.000546571;0.00107042;0;0.0544005;0.106539;0.000552713;0.000517707;0.000546571;0.0550117;0.0515276;0.0544005
0.600039;57051;35842;35417;0;0;0;0;954;1752;870;882;954;0;0.941745;1.08567;0;0.000585875;0.00107595;0;0.0587537;0.1079;0.000534289;0.000541658;0.000585875;0.0535804;0.0543194;0.0587537
0.610024;56318;35901;36091;0;0;0;0;905;1579;733;846;905;0;0.931154;1.09764;0;0.000555783;0.000969703;0;0.0556646;0.0971209;0.000450154;0.00051955;0.000555783;0.0450853;0.0520356;0.0556646
0.62003;55473;36006;36831;0;0;0;0;955;1695;845;850;955;0;0.924971;1.05855;0;0.000586489;0.00104094;0;0.0586156;0.104035;0.000518936;0.000522006;0.000586489;0.051864;0.0521709;0.0586156
0.630065;54700;35932;37678;0;0;0;0;786;1633;773;860;786;0;0.911415;1.05589;0;0.000482702;0.00100287;0;0.0480998;0.0999325;0.000474719;0.000528148;0.000482702;0.0473042;0.0526282;0.0480998
0.640038;53970;35948;38392;0;0;0;0;884;1598;730;868;884;0;0.897944;1.05753;0;0.000542887;0.000981372;0;0.0544335;0.098399;0.000448311;0.000533061;0.000542887;0.0449508;0.0534483;0.0544335
0.650028;53179;35983;39148;0;0;0;0;868;1624;791;833;868;0;0.883037;1.01996;0;0.000533061;0.000997339;0;0.0533622;0.099839;0.000485773;0.000511566;0.000533061;0.0486285;0.0512105;0.0533622
0.660064;52481;35919;39910;0;0;0;0;770;1532;698;834;770;0;0.879721;1.02574;0;0.000472876;0.00094084;0;0.0471172;0.0937449;0.000428659;0.00051218;0.000472876;0.0427115;0.0510335;0.0471172
0.670028;51816;35930;40564;0;0;0;0;852;1506;665;841;852;0;0.876051;1.01807;0;0.000523235;0.000924872;0;0.0525106;0.0928181;0.000408393;0.000516479;0.000523235;0.0409854;0.0518327;0.0525106
0.680068;51072;35831;41407;0;0;0;0;726;1569;744;825;726;0;0.838308;0.990843;0;0.000445855;0.000963562;0;0.0444082;0.0959732;0.000456909;0.000506653;0.000445855;0.0455093;0.0504639;0.0444082
0.690082;50484;35873;41953;0;0;0;0;858;1404;588;816;858;0;0.846141;1.00646;0;0.000526919;0.000862232;0;0.0526211;0.0861073;0.000361106;0.000501126;0.000526919;0.036062;0.0500453;0.0526211
0.700071;49740;35733;42837;0;0;0;0;675;1559;744;815;675;0;0.829968;0.97312;0;0.000414534;0.000957421;0;0.0414998;0.0958491;0.000456909;0.000500512;0.000414534;0.0457419;0.0501071;0.0414998
0.710008;49239;35653;43418;0;0;0;0;747;1328;501;827;747;0;0.816696;1.0094;0;0.000458751;0.000815558;0;0.0461647;0.0820707;0.000307677;0.000507881;0.000458751;0.0309619;0.0511088;0.0461647
0.720074;48433;35530;44347;0;0;0;0;689;1618;806;812;689;0;0.804455;0.936156;0;0.000423132;0.000993654;0;0.0420371;0.098717;0.000494985;0.00049867;0.000423132;0.0491755;0.0495415;0.0420371
0.73006;47918;35420;44972;0;0;0;0;672;1297;515;782;672;0;0.803357;0.972651;0;0.000412692;0.00079652;0;0.0413271;0.0797638;0.000316274;0.000480246;0.000412692;0.0316718;0.048092;0.0413271
0.740071;47254;35366;45690;0;0;0;0;752;1470;664;806;752;0;0.789718;0.935948;0;0.000461822;0.000902764;0;0.0461296;0.0901735;0.000407779;0.000494985;0.000461822;0.0407314;0.0494421;0.0461296
0.750075;46658;35160;46492;0;0;0;0;576;1378;596;782;576;0;0.785938;0.933558;0;0.000353736;0.000846264;0;0.0353595;0.0845926;0.000366019;0.000480246;0.000353736;0.0365872;0.0480054;0.0353595
0.760053;46082;35119;47109;0;0;0;0;716;1333;576;757;716;0;0.773304;0.922683;0;0.000439714;0.000818629;0;0.044066;0.082039;0.000353736;0.000464893;0.000439714;0.0354497;0.0465893;0.044066
0.770011;45533;35004;47773;0;0;0;0;633;1297;549;748;633;0;0.760207;0.911816;0;0.000388741;0.00079652;0;0.0390403;0.0799926;0.000337155;0.000459366;0.000388741;0.0338596;0.0461329;0.0390403
0.780016;44973;34898;48439;0;0;0;0;638;1304;560;744;638;0;0.760905;0.899178;0;0.000391812;0.000800819;0;0.03916;0.0800386;0.00034391;0.000456909;0.000391812;0.0343724;0.0456662;0.03916
0.790026;44416;34748;49146;0;0;0;0;579;1286;557;729;579;0;0.744902;0.883187;0;0.000355578;0.000789765;0;0.0355239;0.0789011;0.000342068;0.000447697;0.000355578;0.0341741;0.044727;0.0355239
0.80002;43841;34671;49798;0;0;0;0;652;1304;575;729;652;0;0.750037;0.866507;0;0.00040041;0.000800819;0;0.0400658;0.0801316;0.000353122;0.000447697;0.00040041;0.0353341;0.0447975;0.0400658
0.810042;43334;34469;50507;0;0;0;0;510;1219;507;712;510;0;0.728202;0.867877;0;0.000313204;0.000748618;0;0.0312516;0.0746974;0.000311361;0.000437257;0.000313204;0.0310677;0.0436297;0.0312516
0.820073;42829;34439;51042;0;0;0;0;667;1202;505;697;667;0;0.732048;0.859354;0;0.000409621;0.000738178;0;0.0408345;0.0735878;0.000310133;0.000428045;0.000409621;0.0309167;0.0426711;0.0408345
0.830037;42383;34293;51634;0;0;0;0;567;1159;446;713;567;0;0.715059;0.852676;0;0.000348209;0.000711771;0;0.0349481;0.071437;0.0002739;0.000437871;0.000348209;0.02749;0.043947;0.0349481
0.840042;41849;34205;52256;0;0;0;0;580;1202;534;668;580;0;0.711893;0.820909;0;0.000356193;0.000738178;0;0.0356011;0.0737802;0.000327943;0.000410236;0.000356193;0.0327776;0.0410026;0.0356011
0.850034;41386;34043;52881;0;0;0;0;489;1114;463;651;489;0;0.695661;0.82558;0;0.000300307;0.000684135;0;0.0300546;0.068468;0.00028434;0.000399795;0.000300307;0.0284566;0.0400113;0.0300546
0.860073;40939;33963;53408;0;0;0;0;588;1115;447;668;588;0;0.701854;0.811416;0;0.000361106;0.000684749;0;0.0359702;0.0682088;0.000274514;0.000410236;0.000361106;0.0273447;0.0408641;0.0359702
0.870002;40493;33873;53944;0;0;0;0;537;1073;446;627;537;0;0.683809;0.796007;0;0.000329785;0.000658956;0;0.0332124;0.0663629;0.0002739;0.000385056;0.000329785;0.0275842;0.0387787;0.0332124
0.880076;40035;33717;54558;0;0;0;0;480;1094;458;636;480;0;0.674414;0.788559;0;0.00029478;0.000671853;0;0.0292613;0.0666914;0.000281269;0.000390584;0.00029478;0.0279202;0.0387712;0.0292613
0.890053;39636;33602;55072;0;0;0;0;527;1041;399;642;527;0;0.66746;0.789101;0;0.000323644;0.000639304;0;0.0324411;0.0640819;0.000245036;0.000394268;0.000323644;0.0245616;0.0395202;0.0324411
0.900064;39205;33485;55620;0;0;0;0;488;1036;431;605;488;0;0.657995;0.765808;0;0.000299693;0.000636234;0;0.0299361;0.063553;0.000264688;0.000371546;0.000299693;0.0264395;0.0371135;0.0299361
0.910076;38839;33316;56155;0;0;0;0;454;989;366;623;454;0;0.656329;0.768399;0;0.000278813;0.00060737;0;0.0278472;0.0606626;0.00022477;0.0003826;0.000278813;0.0224495;0.0382132;0.0278472
0.920048;38434;33201;56675;0;0;0;0;476;996;405;591;476;0;0.631912;0.746542;0;0.000292324;0.000611669;0;0.0293137;0.0613371;0.000248721;0.000362948;0.000292324;0.0249413;0.0363958;0.0293137
0.930076;38058;33097;57155;0;0;0;0;481;961;376;585;481;0;0.643213;0.744396;0;0.000295394;0.000590174;0;0.0294569;0.0588525;0.000230911;0.000359263;0.000295394;0.0230266;0.0358259;0.0294569
0.940014;37670;32891;57749;0;0;0;0;385;979;388;591;385;0;0.623548;0.730649;0;0.000236438;0.000601228;0;0.0237912;0.0604976;0.000238281;0.000362948;0.000236438;0.0239766;0.036521;0.0237912
0.950011;37280;32824;58206;0;0;0;0;509;966;390;576;509;0;0.615207;0.71881;0;0.00031259;0.000593245;0;0.0312699;0.0593453;0.000239509;0.000353736;0.00031259;0.0239593;0.035386;0.0312699
0.960006;37001;32605;58704;0;0;0;0;350;848;279;569;350;0;0.597572;0.734483;0;0.000214944;0.000520778;0;0.021504;0.0521012;0.000171341;0.000349437;0.000214944;0.0171418;0.0349594;0.021504
0.970077;36601;32491;59218;0;0;0;0;452;966;400;566;452;0;0.610308;0.695963;0;0.000277585;0.000593245;0;0.0275644;0.0589098;0.00024565;0.000347595;0.000277585;0.0243933;0.0345165;0.0275644
0.980023;36281;32391;59638;0;0;0;0;444;864;320;544;444;0;0.596895;0.700826;0;0.000272672;0.000530604;0;0.0274145;0.053347;0.00019652;0.000334084;0.000272672;0.0197582;0.0335889;0.0274145
0.990015;35961;32218;60131;0;0;0;0;369;862;320;542;369;0;0.578915;0.692775;0;0.000226612;0.000529376;0;0.0226784;0.0529778;0.00019652;0.000332856;0.000226612;0.0196669;0.0333109;0.0226784
1.00002;35619;32075;60616;0;0;0;0;398;883;342;541;398;0;0.572192;0.682239;0;0.000244422;0.000542272;0;0.0244251;0.0541894;0.000210031;0.000332242;0.000244422;0.0209884;0.033201;0.0244251
1.01004;35347;31927;61036;0;0;0;0;374;794;272;522;374;0;0.569333;0.685805;0;0.000229683;0.000487615;0;0.0229179;0.0486546;0.000167042;0.000320573;0.000229683;0.0166676;0.031987;0.0229179
1.02008;35039;31721;61550;0;0;0;0;313;827;308;519;313;0;0.555907;0.671299;0;0.000192221;0.000507881;0;0.019154;0.0506081;0.000189151;0.000318731;0.000192221;0.018848;0.0317601;0.019154
1.03005;34720;31615;61975;0;0;0;0;405;830;319;511;405;0;0.554211;0.656147;0;0.000248721;0.000509724;0;0.0249519;0.051136;0.000195906;0.000313818;0.000248721;0.0196535;0.0314825;0.0249519
1.04005;34482;31436;62392;0;0;0;0;332;749;238;511;332;0;0.538782;0.672083;0;0.00020389;0.00045998;0;0.0203865;0.0459924;0.000146162;0.000313818;0.00020389;0.0146144;0.031378;0.0203865
1.05001;34185;31299;62826;0;0;0;0;368;802;297;505;368;0;0.536489;0.646974;0;0.000225998;0.000492528;0;0.0226792;0.0494259;0.000182395;0.000310133;0.000225998;0.0183036;0.0311223;0.0226792
1.06001;33895;31099;63316;0;0;0;0;295;785;290;495;295;0;0.521654;0.638954;0;0.000181167;0.000482088;0;0.0181158;0.0482063;0.000178096;0.000303992;0.000181167;0.0178087;0.0303976;0.0181158
1.07001;33615;30935;63760;0;0;0;0;330;774;280;494;330;0;0.522592;0.632087;0;0.000202661;0.000475333;0;0.0202687;0.0475393;0.000171955;0.000303378;0.000202661;0.0171977;0.0303416;0.0202687
1.08003;33322;30780;64208;0;0;0;0;303;751;293;458;303;0;0.507772;0.618446;0;0.00018608;0.000461208;0;0.0185794;0.0460498;0.000179939;0.000281269;0.00018608;0.0179662;0.0280837;0.0185794
1.09004;33146;30585;64579;0;0;0;0;297;668;176;492;297;0;0.495971;0.651014;0;0.000182395;0.000410236;0;0.0182213;0.0409827;0.000108086;0.00030215;0.000182395;0.0107978;0.0301848;0.0182213
1.10002;32848;30459;65003;0;0;0;0;339;763;298;465;339;0;0.500586;0.60439;0;0.000208188;0.000468577;0;0.0208572;0.046944;0.000183009;0.000285568;0.000208188;0.0183346;0.0286094;0.0208572
1.11001;32621;30312;65377;0;0;0;0;301;675;227;448;301;0;0.490883;0.611638;0;0.000184852;0.000414534;0;0.0184969;0.0414798;0.000139406;0.000275128;0.000184852;0.0139495;0.0275303;0.0184969
1.12;32372;30132;65806;0;0;0;0;273;702;249;453;273;0;0.474118;0.598085;0;0.000167656;0.000431116;0;0.0167882;0.0431698;0.000152917;0.000278199;0.000167656;0.0153124;0.0278574;0.0167882
1.13001;32137;29996;66177;0;0;0;0;301;672;235;437;301;0;0.48066;0.592506;0;0.000184852;0.000412692;0;0.0184615;0.0412164;0.000144319;0.000268373;0.000184852;0.0144135;0.026803;0.0184615
1.14002;31920;29830;66560;0;0;0;0;258;641;217;424;258;0;0.466128;0.595482;0;0.000158444;0.000393654;0;0.0158365;0.0393458;0.000133265;0.000260389;0.000158444;0.0133199;0.0260259;0.0158365
1.15006;31647;29641;67022;0;0;0;0;244;706;273;433;244;0;0.458413;0.570664;0;0.000149847;0.000433572;0;0.0149181;0.0431646;0.000167656;0.000265916;0.000149847;0.0166911;0.0264735;0.0149181
1.16;31453;29504;67353;0;0;0;0;277;608;194;414;277;0;0.457905;0.582862;0;0.000170113;0.000373388;0;0.0171169;0.0375707;0.00011914;0.000254248;0.000170113;0.011988;0.0255827;0.0171169
1.17;31264;29346;67700;0;0;0;0;255;602;189;413;255;0;0.447515;0.581096;0;0.000156602;0.000369703;0;0.0156594;0.0369684;0.00011607;0.000253634;0.000156602;0.0116063;0.025362;0.0156594
1.18003;31050;29211;68049;0;0;0;0;274;623;214;409;274;0;0.445418;0.561609;0;0.00016827;0.0003826;0;0.0167766;0.0381454;0.000131423;0.000251177;0.00016827;0.0131029;0.0250425;0.0167766
1.19007;30850;29027;68433;0;0;0;0;214;598;200;398;214;0;0.423549;0.561753;0;0.000131423;0.000367247;0;0.0130977;0.0366001;0.000122825;0.000244422;0.000131423;0.0122408;0.0243592;0.0130977
1.20002;30649;28903;68758;0;0;0;0;245;570;201;369;245;0;0.43316;0.543347;0;0.000150461;0.000350051;0;0.0151138;0.0351628;0.000123439;0.000226612;0.000150461;0.0123995;0.0227633;0.0151138
1.21003;30454;28767;69089;0;0;0;0;269;600;195;405;269;0;0.434194;0.551043;0;0.0001652;0.000368475;0;0.0165027;0.036809;0.000119754;0.000248721;0.0001652;0.0119629;0.0248461;0.0165027
1.22007;30273;28599;69438;0;0;0;0;205;554;181;373;205;0;0.408487;0.545227;0;0.000125896;0.000340225;0;0.0125416;0.0338929;0.000111157;0.000229069;0.000125896;0.0110733;0.0228196;0.0125416
1.23005;30058;28438;69814;0;0;0;0;209;585;215;370;209;0;0.412549;0.524254;0;0.000128352;0.000359263;0;0.0128602;0.0359962;0.000132037;0.000227226;0.000128352;0.0132294;0.0227669;0.0128602
1.24004;29868;28317;70125;0;0;0;0;236;547;190;357;236;0;0.408293;0.527507;0;0.000144934;0.000335926;0;0.0145103;0.0336319;0.000116684;0.000219243;0.000144934;0.011682;0.0219499;0.0145103
1.25005;29684;28167;70459;0;0;0;0;202;536;184;352;202;0;0.406696;0.521188;0;0.000124053;0.000329171;0;0.0123962;0.032893;0.000112999;0.000216172;0.000124053;0.0112916;0.0216014;0.0123962
1.26007;29505;28035;70770;0;0;0;0;224;535;179;356;224;0;0.394112;0.514895;0;0.000137564;0.000328557;0;0.0137227;0.0327753;0.000109928;0.000218629;0.000137564;0.0109659;0.0218094;0.0137227
1.27004;29345;27913;71052;0;0;0;0;218;500;160;340;218;0;0.389163;0.514751;0;0.000133879;0.000307063;0;0.0134313;0.0308056;9.826e-05;0.000208803;0.000133879;0.0098578;0.0209478;0.0134313
1.28004;29177;27770;71363;0;0;0;0;196;507;168;339;196;0;0.386798;0.505735;0;0.000120369;0.000311361;0;0.0120381;0.0311395;0.000103173;0.000208188;0.000120369;0.0103184;0.0208211;0.0120381
1.29001;29036;27637;71637;0;0;0;0;202;476;141;335;202;0;0.373774;0.508624;0;0.000124053;0.000292324;0;0.0124419;0.0293185;8.65916e-05;0.000205732;0.000124053;0.00868469;0.0206338;0.0124419
1.30002;28852;27519;71939;0;0;0;0;198;500;184;316;198;0;0.374664;0.481358;0;0.000121597;0.000307063;0;0.0121432;0.0306645;0.000112999;0.000194064;0.000121597;0.0112846;0.01938;0.0121432
1.31003;28695;27373;72242;0;0;0;0;171;474;157;317;171;0;0.360294;0.486754;0;0.000105015;0.000291095;0;0.0104891;0.0290749;9.64176e-05;0.000194678;0.000105015;0.00963031;0.0194446;0.0104891
1.32001;28516;27234;72560;0;0;0;0;178;496;179;317;178;0;0.362171;0.472407;0;0.000109314;0.000304606;0;0.0109524;0.030519;0.000109928;0.000194678;0.000109314;0.0110139;0.0195051;0.0109524
1.33002;28380;27119;72811;0;0;0;0;189;440;136;304;189;0;0.354666;0.480636;0;0.00011607;0.000270215;0;0.0116039;0.0270143;8.3521e-05;0.000186694;0.00011607;0.00834987;0.0186644;0.0116039
1.34004;28229;27011;73070;0;0;0;0;179;438;151;287;179;0;0.344221;0.461681;0;0.000109928;0.000268987;0;0.0109667;0.0268348;9.27329e-05;0.000176254;0.000109928;0.00925125;0.0175835;0.0109667
1.35001;28093;26890;73327;0;0;0;0;174;431;136;295;174;0;0.335027;0.465753;0;0.000106858;0.000264688;0;0.0107177;0.0265479;8.3521e-05;0.000181167;0.000106858;0.00837706;0.0181708;0.0107177
1.36002;27924;26756;73630;0;0;0;0;157;460;169;291;157;0;0.333773;0.446617;0;9.64176e-05;0.000282498;0;0.00963379;0.0282264;0.000103787;0.00017871;9.64176e-05;0.0103701;0.0178563;0.00963379
1.37008;27774;26657;73879;0;0;0;0;181;430;150;280;181;0;0.323577;0.441663;0;0.000111157;0.000264074;0;0.0110534;0.0262595;9.21188e-05;0.000171955;0.000111157;0.00916031;0.0170992;0.0110534
1.38005;27655;26558;74097;0;0;0;0;188;406;119;287;188;0;0.322686;0.447662;0;0.000115456;0.000249335;0;0.0115745;0.0249961;7.30809e-05;0.000176254;0.000115456;0.00732644;0.0176696;0.0115745
1.39003;27523;26414;74373;0;0;0;0;126;402;132;270;126;0;0.308979;0.435035;0;7.73798e-05;0.000246878;0;0.00775601;0.0247454;8.10645e-05;0.000165814;7.73798e-05;0.00812535;0.01662;0.00775601
1.40003;27387;26300;74623;0;0;0;0;147;397;136;261;147;0;0.304204;0.421354;0;9.02764e-05;0.000243808;0;0.00902741;0.0243801;8.3521e-05;0.000160287;9.02764e-05;0.00835189;0.0160283;0.00902741
1.41004;27248;26215;74847;0;0;0;0;167;391;139;252;167;0;0.304377;0.410288;0;0.000102559;0.000240123;0;0.0102415;0.0239785;8.53634e-05;0.00015476;0.000102559;0.00852434;0.0154542;0.0102415
1.42006;27131;26100;75079;0;0;0;0;146;378;117;261;146;0;0.286285;0.415339;0;8.96623e-05;0.000232139;0;0.00894994;0.0231718;7.18526e-05;0.000160287;8.96623e-05;0.00717221;0.0159995;0.00894994
1.43007;27008;25988;75314;0;0;0;0;129;364;123;241;129;0;0.285183;0.39669;0;7.92221e-05;0.000223542;0;0.00791791;0.022342;7.55374e-05;0.000148004;7.92221e-05;0.00754963;0.0147924;0.00791791
1.44002;26901;25902;75507;0;0;0;0;145;338;107;231;145;0;0.280379;0.396891;0;8.90481e-05;0.000207574;0;0.00894851;0.0208593;6.57114e-05;0.000141863;8.90481e-05;0.00660338;0.0142559;0.00894851
1.45003;26775;25792;75743;0;0;0;0;137;373;126;247;137;0;0.272012;0.383757;0;8.41351e-05;0.000229069;0;0.00840171;0.0228747;7.73798e-05;0.000151689;8.41351e-05;0.00772712;0.0151476;0.00840171
1.46006;26654;25709;75947;0;0;0;0;135;339;121;218;135;0;0.269395;0.366434;0;8.29069e-05;0.000208188;0;0.00826535;0.0207552;7.43091e-05;0.000133879;8.29069e-05;0.0074082;0.013347;0.00826535
1.47001;26536;25600;76174;0;0;0;0;117;344;118;226;117;0;0.256137;0.361663;0;7.18526e-05;0.000211259;0;0.00722508;0.021243;7.24668e-05;0.000138792;7.18526e-05;0.00728683;0.0139561;0.00722508
1.48007;26442;25525;76343;0;0;0;0;139;308;94;214;139;0;0.247215;0.361133;0;8.53634e-05;0.000189151;0;0.00847976;0.0187897;5.77278e-05;0.000131423;8.53634e-05;0.00573452;0.0130552;0.00847976
1.49004;26333;25443;76534;0;0;0;0;112;303;109;194;112;0;0.25277;0.341796;0;6.8782e-05;0.00018608;0;0.00689761;0.0186605;6.69396e-05;0.00011914;6.8782e-05;0.00671285;0.0119476;0.00689761
1.50003;26228;25360;76722;0;0;0;0;124;312;105;207;124;0;0.243067;0.333341;0;7.61515e-05;0.000191607;0;0.00762409;0.0191832;6.44831e-05;0.000127124;7.61515e-05;0.00645589;0.0127273;0.00762409
1.51008;26114;25304;76892;0;0;0;0;130;300;114;186;130;0;0.230929;0.313338;0;7.98363e-05;0.000184238;0;0.00794375;0.0183317;7.00103e-05;0.000114227;7.98363e-05;0.00696606;0.0113657;0.00794375
1.52007;26005;25218;77087;0;0;0;0;101;296;109;187;101;0;0.223082;0.306464;0;6.20266e-05;0.000181781;0;0.00620837;0.0181948;6.69396e-05;0.000114841;6.20266e-05;0.00670012;0.0114947;0.00620837
1.53001;25897;25145;77268;0;0;0;0;86;267;108;159;86;0;0.221127;0.292044;0;5.28148e-05;0.000163971;0;0.00531469;0.0165003;6.63255e-05;9.76459e-05;5.28148e-05;0.00667426;0.00982599;0.00531469
1.54001;25823;25098;77389;0;0;0;0;120;241;74;167;120;0;0.210045;0.292895;0;7.3695e-05;0.000148004;0;0.00737198;0.0148054;4.54453e-05;0.000102559;7.3695e-05;0.00454606;0.0102593;0.00737198
1.55003;25723;25071;77516;0;0;0;0;113;240;100;140;113;0;0.202946;0.269021;0;6.93961e-05;0.00014739;0;0.00692628;0.0147107;6.14125e-05;8.59775e-05;6.93961e-05;0.00612945;0.00858123;0.00692628
1.56003;25641;25007;77662;0;0;0;0;102;248;82;166;102;0;0.20359;0.26834;0;6.26408e-05;0.000152303;0;0.00626523;0.0152331;5.03583e-05;0.000101945;6.26408e-05;0.00503675;0.0101964;0.00626523
1.57002;25572;24958;77780;0;0;0;0;80;198;69;129;80;0;0.186868;0.256639;0;4.913e-05;0.000121597;0;0.00491485;0.0121642;4.23746e-05;7.92221e-05;4.913e-05;0.00423906;0.00792519;0.00491485
1.58002;25447;24949;77914;0;0;0;0;102;236;125;111;102;0;0.187495;0.225079;0;6.26408e-05;0.000144934;0;0.00626693;0.0144999;7.67656e-05;6.81679e-05;6.26408e-05;0.00768006;0.00681989;0.00626693
1.59003;25366;24916;78028;0;0;0;0;79;193;81;112;79;0;0.191534;0.230163;0;4.85159e-05;0.000118526;0;0.00484713;0.0118417;4.97441e-05;6.8782e-05;4.85159e-05;0.00496985;0.00687189;0.00484713
1.60003;25294;24922;78094;0;0;0;0;93;159;72;87;93;0;0.206926;0.209403;0;5.71136e-05;9.76459e-05;0;0.00571175;0.00976524;4.4217e-05;5.34289e-05;5.71136e-05;0.004422;0.00534325;0.00571175
